{"cameraMode":{"drawMode":0,"name":"Shaded","section":"Shading Mode"},"sceneLighting":true,"audioPlay":false,"sceneViewState":{"showFog":true,"showMaterialUpdate":false,"showSkybox":false,"showFlares":true,"showImageEffects":true,"showParticleSystems":true},"in2DMode":false,"pivot":{"x":-0.08785048127174378,"y":1.216403603553772,"z":4.751527786254883},"rotation":{"x":-0.019098734483122827,"y":-0.9629830718040466,"z":0.07090692222118378,"w":-0.2593754529953003},"size":6.132883548736572,"orthographic":true}